,ETF 31,ETF 40,ETF 53,ETF 11,ETF 8,ETF 1 ,ETF 34,ETF 102,ETF 5,ETF 10
2019,0.1999959654907615,0.17999638685283584,0.14999696578886004,0.09999792214789065,0.09999796487432497,0.04999871877344529,0.04999895908754945,0.04999899947589146,0.049998978227530654,0.04999871244712673
2020,0.19999777143339303,0.1799980155228731,0.14999832338401092,0.09999891067038677,0.09999889654513493,0.04999923778357708,0.049999453800403805,0.04999946542826529,0.049999447120848146,0.049999237028892314
2021,0.19999226627793423,0.17999288252618698,0.14999418945221019,0.09999618972348692,0.09999612149739454,0.049998412741266,0.049998068111658425,0.04999807862100384,0.049998061328730366,0.049998700081417526
2022,0.19999763253095135,0.1799978960841053,0.14999824954966845,0.0999987981383579,0.09999882022082249,0.049999457493392956,0.04999940518097311,0.04999939997623293,0.049999431612162075,0.04999943430919474
2023,0.19999833262601577,0.17999850219292032,0.14999876532602624,0.09999918181371321,0.09999916742594987,0.04999946240998955,0.04999958475915505,0.04999957990540935,0.04999958952599747,0.049999325124549895
2024,0.19567682581082568,0.1760557913979892,0.14670083513280613,0.09771033765264003,0.09781776578883161,0.04658887424716462,0.048873050260116,0.04886065623672351,0.048916542340537265,0.04925922976393971
